<DataBuku>
	<buku>
		<id_buku>	HP001</id_buku>
		<judul>		Harry Potter</judul>
		<pengarang>	J.K Rowling</pengarang>
		<penerbit>	elexmedia</penerbit>
		<tahun>		2007</tahun>
		<jenis>		Novel</jenis>
		<harga>		150000</harga>
		<keterangan>
			<sinopsis>
				Buku ini menceritakan petualangan Harry Potter.
			</sinopsis>
		</keterangan>
	</buku>
	<buku>
		<id_buku>	HP002</id_buku>
		<judul>		Marmut Merah Jambu</judul>
		<pengarang>	Raditya Dika</pengarang>
		<penerbit>	gagasmedia</penerbit>
		<tahun>		2012</tahun>
		<jenis>		Novel</jenis>
		<harga>		25000</harga>
		<keterangan>
			<sinopsis>
				Buku ini menceritakan pengalaman Raditya Dika.
			</sinopsis>
		</keterangan>
	</buku>
	<buku>
		<id_buku>	HP003</id_buku>
		<judul>		Analogi Cinta Sendiri</judul>
		<pengarang>	Oka</pengarang>
		<penerbit>	bukune</penerbit>
		<tahun>		2012</tahun>
		<jenis>		Novel</jenis>
		<harga>		35000</harga>
		<keterangan>
			<sinopsis>
				Buku ini menceritakan pengalaman Oka.
			</sinopsis>
		</keterangan>
	</buku>
	<buku>
		<id_buku>	HP004</id_buku>
		<judul>		Detective Conan</judul>
		<pengarang>	Aoyama Gosho</pengarang>
		<penerbit>	elexmedia</penerbit>
		<tahun>		2010</tahun>
		<jenis>		Komik</jenis>
		<harga>		17500</harga>
		<keterangan>
			<sinopsis>
				Buku ini menceritakan petualangan Conan.
			</sinopsis>
		</keterangan>
	</buku>
	<buku>
		<id_buku>	HP005</id_buku>
		<judul>		Siti Nurbaya</judul>
		<pengarang>	Marah Rusli</pengarang>
		<penerbit>	Balai Pustaka</penerbit>
		<tahun>		1920</tahun>
		<jenis>		Novel</jenis>
		<harga>		40000</harga>
		<keterangan>
			<sinopsis>
				Buku ini menceritakan kehidupan Siti Nurbaya dan Samsulbahri.
			</sinopsis>
		</keterangan>
	</buku>
</DataBuku>